{
  "npmScope": "youtube-poly-vs-mono",
  "affected": { "defaultBase": "master" },
  "implicitDependencies": {
    "angular.json": "*",
    "package.json": { "dependencies": "*", "devDependencies": "*" },
    "tsconfig.base.json": "*",
    "tslint.json": "*",
    ".eslintrc.json": "*",
    "nx.json": "*"
  },
  "tasksRunnerOptions": {
    "default": {
      "runner": "@nrwl/workspace/tasks-runners/default",
      "options": { "cacheableOperations": ["build", "lint", "test", "e2e"] }
    }
  },
  "projects": {
    "frontend": { "tags": [] },
    "frontend-e2e": { "tags": [], "implicitDependencies": ["frontend"] },
    "backend": { "tags": [] },
    "types": { "tags": [] }
  }
}
